restaurant,restaurant_id
Charllies,1
YGF Malatang,2
Xian Street Food,3
ChiyaD2,4
Zambrero,5
Sushida,6
Vice Pizza,7
Fired Up Pizza,8
Taste Of HK,9
Shuppa,10
marks&spencer,11
Little Sichuan,12
Pizza Hut,13
KFC,14
Unknown,15
McDonald's,16
Sichuan Chili King,17
Camile Thai,18
Da Mimmo Pizza,19
Perfect Pizza Dunlin,20
Tatami,21
Reyna,22
Zakura,23
Eatokyo,24
Wakami Sushi,25
Rico's,26
Boston Pizza,27
hunan spicy,28
hei gaga,29
biang biang,30
chuanjiu xiang,31
bwx,32
ywm,33
