order_id,platform_id,restaurant_id,date_id,ordered_time,delivered_time,order_date,order_hour,order_weekday,food_cost,delivery_fee,service_fee,total_paid,delivery_minutes,total_fees,fees_ratio,delivery_time_bad,delivery_minutes_outlier,is_weekend,shift_type,shift_start_dt,shift_end_dt,work_hours,is_workday,mins_after_shift_end,is_after_shift,restaurant,spicy_ratio,noodles_ratio,rice_ratio,fried_ratio,soup_ratio,vegan_ratio,avg_item_price
4408837441957948820,1,1,1.0,2025-12-13 01:04:00,2025-12-13 01:53:00,2025-12-13,1.0,Saturday,13.0,0.0,0.0,13.99,49.0,0.0,0.0,False,False,1,day off,,,0.0,0,,,Charllies,0.0,0.0,0.1666666666666666,0.1666666666666666,0.0,0.0,12.75
6621245438714352733,1,2,2.0,2025-12-07 18:37:00,2025-12-07 19:00:00,2025-12-07,18.0,Sunday,30.5,0.0,0.0,32.33,23.0,0.0,0.0,False,False,1,evenning shift,2025-12-07 15:00:00,2025-12-07 23:00:00,8.0,1,-263.0,0.0,YGF Malatang,0.0,0.2,0.2,0.4,0.4,0.0,11.66
-9103429557154699053,1,3,2.0,2025-12-07 15:24:00,2025-12-07 16:22:00,2025-12-07,15.0,Sunday,16.2,0.0,0.0,17.19,58.0,0.0,0.0,False,False,1,evenning shift,2025-12-07 15:00:00,2025-12-07 23:00:00,8.0,1,-456.0,0.0,Xian Street Food,0.0,0.1666666666666666,0.3333333333333333,0.5,0.0,0.0,13.833333333333334
-3330219807905179812,1,4,3.0,2025-11-27 15:43:00,2025-11-27 15:59:00,2025-11-27,15.0,Thursday,16.4,0.0,0.0,17.39,16.0,0.0,0.0,False,False,0,day off,,,0.0,0,,,ChiyaD2,0.0,0.0,0.0,0.0,0.0,0.0,10.9
-5830246553927298400,1,5,3.0,2025-11-27 13:48:00,2025-11-27 14:28:00,2025-11-27,13.0,Thursday,19.25,0.0,1.16,20.41,40.0,1.16,0.0568348848603625,False,False,0,day off,,,0.0,0,,,Zambrero,0.0,0.0,0.0,0.0,0.0,0.0,11.43
2743863201774929163,1,2,4.0,2025-11-23 18:14:00,2025-11-23 18:37:00,2025-11-23,18.0,Sunday,14.8,0.0,0.99,15.79,23.0,0.99,0.0626979100696643,False,False,1,evenning shift,2025-11-23 15:00:00,2025-11-23 23:00:00,8.0,1,-286.0,0.0,YGF Malatang,0.0,0.2,0.2,0.4,0.4,0.0,11.66
-8827491565598700431,1,3,5.0,2025-11-20 22:42:00,2025-11-20 23:07:00,2025-11-20,22.0,Thursday,24.2,0.0,1.45,25.65,25.0,1.45,0.0565302144249512,False,False,0,,,,,1,,,Xian Street Food,0.0,0.1666666666666666,0.3333333333333333,0.5,0.0,0.0,13.833333333333334
-8709524277617007468,1,5,5.0,2025-11-20 11:21:00,2025-11-20 11:57:00,2025-11-20,11.0,Thursday,22.55,0.0,1.35,23.9,36.0,1.35,0.0564853556485355,False,False,0,,,,,1,,,Zambrero,0.0,0.0,0.0,0.0,0.0,0.0,11.43
7010466895971447389,1,5,6.0,2025-11-19 10:59:00,2025-11-19 11:20:00,2025-11-19,10.0,Wednesday,24.1,0.0,1.45,25.55,21.0,1.45,0.0567514677103718,False,False,0,,,,,1,,,Zambrero,0.0,0.0,0.0,0.0,0.0,0.0,11.43
2193027819156929930,1,3,7.0,2025-11-18 18:29:00,2025-11-18 19:03:00,2025-11-18,18.0,Tuesday,22.8,0.0,1.37,24.17,34.0,1.37,0.0566818369880016,False,False,0,evenning shift,2025-11-18 15:00:00,2025-11-18 23:00:00,8.0,1,-271.0,0.0,Xian Street Food,0.0,0.1666666666666666,0.3333333333333333,0.5,0.0,0.0,13.833333333333334
3640600844530969539,1,6,8.0,2025-11-15 17:54:00,2025-11-15 18:42:00,2025-11-15,17.0,Saturday,25.1,0.0,1.51,26.61,48.0,1.51,0.0567455843667794,False,False,1,,,,,1,,,Sushida,0.0,0.5,0.0,0.25,0.0,0.0,18.975
4047037546283254148,1,3,9.0,2025-11-10 18:27:00,2025-11-10 18:51:00,2025-11-10,18.0,Monday,22.8,0.0,1.37,24.17,24.0,1.37,0.0566818369880016,False,False,0,evenning shift,2025-11-10 15:00:00,2025-11-10 23:00:00,8.0,1,-273.0,0.0,Xian Street Food,0.0,0.1666666666666666,0.3333333333333333,0.5,0.0,0.0,13.833333333333334
-2058708598726189486,1,3,10.0,2025-11-09 21:00:00,2025-11-09 21:36:00,2025-11-09,21.0,Sunday,22.8,0.0,1.37,24.17,36.0,1.37,0.0566818369880016,False,False,1,evenning shift,2025-11-09 15:00:00,2025-11-09 23:00:00,8.0,1,-120.0,0.0,Xian Street Food,0.0,0.1666666666666666,0.3333333333333333,0.5,0.0,0.0,13.833333333333334
-407492375108074494,1,7,11.0,2025-11-07 13:49:00,2025-11-07 14:36:00,2025-11-07,13.0,Friday,22.0,0.0,1.32,23.32,47.0,1.32,0.0566037735849056,False,False,0,day off,,,0.0,0,,,Vice Pizza,0.0,0.0,0.0,0.0,0.0,0.0,14.9
1353542337457227869,1,2,12.0,2025-10-31 20:52:00,2025-10-31 21:10:00,2025-10-31,20.0,Friday,21.0,0.0,1.26,22.26,18.0,1.26,0.0566037735849056,False,False,0,evenning shift,2025-10-31 15:00:00,2025-10-31 23:00:00,8.0,1,-128.0,0.0,YGF Malatang,0.0,0.2,0.2,0.4,0.4,0.0,11.66
-4387148243714151969,1,3,13.0,2025-10-30 15:21:00,2025-10-30 15:52:00,2025-10-30,15.0,Thursday,22.8,0.0,1.37,24.17,31.0,1.37,0.0566818369880016,False,False,0,evenning shift,2025-10-30 15:00:00,2025-10-30 23:00:00,8.0,1,-459.0,0.0,Xian Street Food,0.0,0.1666666666666666,0.3333333333333333,0.5,0.0,0.0,13.833333333333334
-1845570878966847137,1,8,14.0,2025-10-25 16:45:00,2025-10-25 19:16:00,2025-10-25,16.0,Saturday,23.5,0.0,1.41,24.91,151.0,1.41,0.0566037735849056,False,False,1,day off,,,0.0,0,,,Fired Up Pizza,0.0,0.0,0.0,0.0,0.0,0.0,10.6
-4734190073889368796,1,4,15.0,2025-10-23 15:26:00,2025-10-23 15:37:00,2025-10-23,15.0,Thursday,9.9,0.99,0.99,11.88,11.0,1.98,0.1666666666666666,False,False,0,day off,,,0.0,0,,,ChiyaD2,0.0,0.0,0.0,0.0,0.0,0.0,10.9
-809284283085759895,1,3,16.0,2025-10-22 20:22:00,2025-10-22 21:05:00,2025-10-22,20.0,Wednesday,22.8,0.0,1.37,24.17,43.0,1.37,0.0566818369880016,False,False,0,evenning shift,2025-10-22 15:00:00,2025-10-22 23:00:00,8.0,1,-158.0,0.0,Xian Street Food,0.0,0.1666666666666666,0.3333333333333333,0.5,0.0,0.0,13.833333333333334
5125902209469428310,1,9,17.0,2025-10-21 18:32:00,,2025-10-21,18.0,Tuesday,23.0,0.0,1.38,24.38,,1.38,0.0566037735849056,False,False,0,evenning shift,2025-10-21 15:00:00,2025-10-21 23:00:00,8.0,1,-268.0,0.0,Taste Of HK,0.0,0.0,0.4,0.0,0.2,0.0,12.2
4255297137928446020,1,9,18.0,2025-10-15 18:23:00,2025-10-15 18:52:00,2025-10-15,18.0,Wednesday,22.8,0.0,1.37,24.17,29.0,1.37,0.0566818369880016,False,False,0,evenning shift,2025-10-15 15:00:00,2025-10-15 23:00:00,8.0,1,-277.0,0.0,Taste Of HK,0.0,0.0,0.4,0.0,0.2,0.0,12.2
-5389380189799541484,1,3,19.0,2025-10-14 19:40:00,2025-10-14 20:11:00,2025-10-14,19.0,Tuesday,30.8,0.0,1.85,32.65,31.0,1.85,0.0566615620214395,False,False,0,evenning shift,2025-10-14 15:00:00,2025-10-14 23:00:00,8.0,1,-200.0,0.0,Xian Street Food,0.0,0.1666666666666666,0.3333333333333333,0.5,0.0,0.0,13.833333333333334
-4548036924182238773,1,3,20.0,2025-10-13 18:39:00,2025-10-13 19:17:00,2025-10-13,18.0,Monday,22.2,0.0,1.33,23.53,38.0,1.33,0.0565235869103272,False,False,0,evenning shift,2025-10-13 15:00:00,2025-10-13 23:00:00,8.0,1,-261.0,0.0,Xian Street Food,0.0,0.1666666666666666,0.3333333333333333,0.5,0.0,0.0,13.833333333333334
-4188133362577026863,1,8,21.0,2025-10-12 20:43:00,2025-10-12 23:43:00,2025-10-12,20.0,Sunday,22.5,0.0,1.35,23.85,180.0,1.35,0.0566037735849056,False,False,1,,,,,1,,,Fired Up Pizza,0.0,0.0,0.0,0.0,0.0,0.0,10.6
-7524198779440712149,1,10,22.0,2025-10-10 18:13:00,2025-10-10 19:02:00,2025-10-10,18.0,Friday,20.17,0.0,1.21,21.38,49.0,1.21,0.0565949485500467,False,False,0,day off,,,0.0,0,,,Shuppa,0.2,0.6,0.0,0.0,0.0,0.0,11.4
-5513805049057824032,1,11,23.0,2025-10-07 10:07:00,2025-10-09 10:54:00,2025-10-07,10.0,Tuesday,19.35,0.0,1.16,20.51,2927.0,1.16,0.0565577766942954,False,False,0,,,,,1,,,marks&spencer,,,,,,,
-566482638052503675,1,1,24.0,2025-10-06 17:56:00,2025-10-06 18:10:00,2025-10-06,17.0,Monday,10.0,0.99,0.99,11.98,14.0,1.98,0.1652754590984975,False,False,0,evenning shift,2025-10-06 15:00:00,2025-10-06 23:00:00,8.0,1,-304.0,0.0,Charllies,0.0,0.0,0.1666666666666666,0.1666666666666666,0.0,0.0,12.75
-2278111703847773797,1,2,25.0,2025-10-04 15:16:00,2025-10-04 15:36:00,2025-10-04,15.0,Saturday,21.0,0.0,1.26,22.26,20.0,1.26,0.0566037735849056,False,False,1,,,,,1,,,YGF Malatang,0.0,0.2,0.2,0.4,0.4,0.0,11.66
-3688794743574640823,1,12,26.0,2025-10-03 15:54:00,2025-10-03 16:29:00,2025-10-03,15.0,Friday,24.7,0.0,1.48,26.18,35.0,1.48,0.0565317035905271,False,False,0,,,,,1,,,Little Sichuan,0.4,0.2,0.2,0.2,0.0,0.2,14.2
-4020671074937841667,1,12,27.0,2025-10-01 19:39:00,2025-10-01 20:07:00,2025-10-01,19.0,Wednesday,43.6,0.0,1.99,45.59,28.0,1.99,0.0436499232287782,False,False,0,evenning shift,2025-10-01 15:00:00,2025-10-01 23:00:00,8.0,1,-201.0,0.0,Little Sichuan,0.4,0.2,0.2,0.2,0.0,0.2,14.2
3397172681726918505,1,13,28.0,2025-09-30 12:11:00,2025-09-30 12:35:00,2025-09-30,12.0,Tuesday,18.69,0.0,1.12,19.81,24.0,1.12,0.0565371024734982,False,False,0,,,,,1,,,Pizza Hut,0.0,0.0,0.0,0.0,0.0,0.0,11.2
1352910393087718286,1,12,29.0,2025-09-27 16:03:00,2025-09-27 16:48:00,2025-09-27,16.0,Saturday,66.5,0.0,1.99,68.49,45.0,1.99,0.029055336545481,False,False,1,evenning shift,2025-09-27 15:00:00,2025-09-27 23:00:00,8.0,1,-417.0,0.0,Little Sichuan,0.4,0.2,0.2,0.2,0.0,0.2,14.2
-1693273318103535284,1,12,30.0,2025-09-26 16:53:00,,2025-09-26,16.0,Friday,24.7,0.0,1.48,26.18,525631.0,1.48,0.0565317035905271,False,True,0,,,,,1,,,Little Sichuan,0.4,0.2,0.2,0.2,0.0,0.2,14.2
1820998029015947328,1,12,31.0,2025-09-24 16:29:00,2025-09-24 17:16:00,2025-09-24,16.0,Wednesday,24.7,0.0,1.48,26.18,47.0,1.48,0.0565317035905271,False,False,0,day off,,,0.0,0,,,Little Sichuan,0.4,0.2,0.2,0.2,0.0,0.2,14.2
-6031461521955096775,1,1,32.0,2025-09-09 21:10:00,2025-09-09 21:37:00,2025-09-09,21.0,Tuesday,13.0,0.0,0.99,13.99,27.0,0.99,0.0707648320228734,False,False,0,evenning shift,2025-09-09 15:00:00,2025-09-09 23:00:00,8.0,1,-110.0,0.0,Charllies,0.0,0.0,0.1666666666666666,0.1666666666666666,0.0,0.0,12.75
-7869409481883947955,1,14,33.0,2025-09-06 18:56:00,2025-09-06 19:37:00,2025-09-06,18.0,Saturday,28.1,0.0,1.69,30.09,41.0,1.69,0.0561648388168826,False,False,1,day off,,,0.0,0,,,KFC,0.0,0.0,0.0,0.0,0.0,0.0,6.8
5223763492760048570,1,1,34.0,2025-09-05 01:05:00,2025-09-05 01:29:00,2025-09-05,1.0,Friday,14.0,0.0,0.99,14.99,24.0,0.99,0.0660440293529019,False,False,0,,,,,1,,,Charllies,0.0,0.0,0.1666666666666666,0.1666666666666666,0.0,0.0,12.75
-4679897063648533443,1,1,35.0,2025-09-03 18:58:00,2025-09-03 19:22:00,2025-09-03,18.0,Wednesday,13.0,0.0,0.99,13.99,24.0,0.99,0.0707648320228734,False,False,0,evenning shift,2025-09-03 15:00:00,2025-09-03 23:00:00,8.0,1,-242.0,0.0,Charllies,0.0,0.0,0.1666666666666666,0.1666666666666666,0.0,0.0,12.75
6748227303305012752,1,15,35.0,2025-09-03 10:20:00,,2025-09-03,10.0,Wednesday,,,,,,0.0,,False,False,0,,,,,1,,,Unknown,,,,,,,
6119842401044023326,1,1,36.0,2025-09-02 16:45:00,2025-09-02 17:01:00,2025-09-02,16.0,Tuesday,30.0,0.0,1.8,31.8,16.0,1.8,0.0566037735849056,False,False,0,evenning shift,2025-09-02 15:00:00,2025-09-02 23:00:00,8.0,1,-375.0,0.0,Charllies,0.0,0.0,0.1666666666666666,0.1666666666666666,0.0,0.0,12.75
2975335174558576978,1,12,36.0,2025-09-02 16:25:00,2025-09-02 16:53:00,2025-09-02,16.0,Tuesday,41.6,0.0,1.99,43.59,28.0,1.99,0.0456526726313374,False,False,0,evenning shift,2025-09-02 15:00:00,2025-09-02 23:00:00,8.0,1,-395.0,0.0,Little Sichuan,0.4,0.2,0.2,0.2,0.0,0.2,14.2
-3687430737881445605,1,11,37.0,2025-09-01 10:27:00,2025-09-01 11:05:00,2025-09-01,10.0,Monday,20.15,0.0,1.21,21.36,38.0,1.21,0.0566479400749063,False,False,0,,,,,1,,,marks&spencer,,,,,,,
-3251140916873245597,1,1,38.0,2025-08-26 18:05:00,2025-08-26 18:22:00,2025-08-26,18.0,Tuesday,28.5,0.0,1.71,30.21,17.0,1.71,0.0566037735849056,False,False,0,evenning shift,2025-08-26 15:00:00,2025-08-26 23:00:00,8.0,1,-295.0,0.0,Charllies,0.0,0.0,0.1666666666666666,0.1666666666666666,0.0,0.0,12.75
7483041101560373175,1,12,39.0,2025-08-23 20:15:00,2025-08-23 21:02:00,2025-08-23,20.0,Saturday,38.2,0.0,1.99,40.19,47.0,1.99,0.0495148046777805,False,False,1,,,,,1,,,Little Sichuan,0.4,0.2,0.2,0.2,0.0,0.2,14.2
-3735163707990924553,1,16,39.0,2025-08-23 07:39:00,2025-08-23 07:56:00,2025-08-23,7.0,Saturday,27.0,0.0,1.99,28.99,17.0,1.99,0.0686443601241807,False,False,1,morning shift,2025-08-23 07:00:00,2025-08-23 15:00:00,8.0,1,-441.0,0.0,McDonald's,0.0,0.0,0.0,0.0,0.0,0.0,4.8
-757743059109224038,1,1,40.0,2025-08-20 18:02:00,2025-08-20 18:26:00,2025-08-20,18.0,Wednesday,13.0,0.0,0.99,13.99,24.0,0.99,0.0707648320228734,False,False,0,evenning shift,2025-08-20 15:00:00,2025-08-20 23:00:00,8.0,1,-298.0,0.0,Charllies,0.0,0.0,0.1666666666666666,0.1666666666666666,0.0,0.0,12.75
836725276645508301,1,1,41.0,2025-08-19 18:02:00,2025-08-19 18:35:00,2025-08-19,18.0,Tuesday,40.5,0.0,1.99,42.49,33.0,1.99,0.0468345493057189,False,False,0,evenning shift,2025-08-19 15:00:00,2025-08-19 23:00:00,8.0,1,-298.0,0.0,Charllies,0.0,0.0,0.1666666666666666,0.1666666666666666,0.0,0.0,12.75
-7969604982469795134,1,12,42.0,2025-08-15 17:43:00,2025-08-15 18:04:00,2025-08-15,17.0,Friday,17.4,0.0,1.04,18.44,21.0,1.04,0.0563991323210412,False,False,0,evenning shift,2025-08-15 15:00:00,2025-08-15 23:00:00,8.0,1,-317.0,0.0,Little Sichuan,0.4,0.2,0.2,0.2,0.0,0.2,14.2
-7779925627422738434,1,14,43.0,2025-08-12 19:33:00,2025-08-12 19:41:00,2025-08-12,19.0,Tuesday,21.3,0.0,1.28,22.73,8.0,1.28,0.0563132424109106,False,False,0,evenning shift,2025-08-12 15:00:00,2025-08-12 23:00:00,8.0,1,-207.0,0.0,KFC,0.0,0.0,0.0,0.0,0.0,0.0,6.8
6901083831404638623,1,12,44.0,2025-08-11 19:40:00,2025-08-11 20:04:00,2025-08-11,19.0,Monday,44.9,0.0,1.99,46.89,24.0,1.99,0.0424397526124973,False,False,0,evenning shift,2025-08-11 15:00:00,2025-08-11 23:00:00,8.0,1,-200.0,0.0,Little Sichuan,0.4,0.2,0.2,0.2,0.0,0.2,14.2
1636056712583465216,1,17,45.0,2025-08-08 23:33:00,2025-08-08 23:50:00,2025-08-08,23.0,Friday,21.4,0.0,1.28,22.68,17.0,1.28,0.0564373897707231,False,False,0,,,,,1,,,Sichuan Chili King,0.2,0.0,0.2,0.4,0.0,0.2,14.2
8125987901178958932,1,14,46.0,2025-08-07 19:08:00,2025-08-07 19:42:00,2025-08-07,19.0,Thursday,30.5,0.0,1.83,32.33,34.0,1.83,0.0566037735849056,False,False,0,evenning shift,2025-08-07 15:00:00,2025-08-07 23:00:00,8.0,1,-232.0,0.0,KFC,0.0,0.0,0.0,0.0,0.0,0.0,6.8
1004788645704636918,1,12,47.0,2025-08-06 16:16:00,2025-08-06 16:52:00,2025-08-06,16.0,Wednesday,68.9,0.0,1.99,70.89,36.0,1.99,0.0280716603188037,False,False,0,evenning shift,2025-08-06 15:00:00,2025-08-06 23:00:00,8.0,1,-404.0,0.0,Little Sichuan,0.4,0.2,0.2,0.2,0.0,0.2,14.2
2561474486575512736,1,12,48.0,2025-08-05 16:55:00,2025-08-05 17:29:00,2025-08-05,16.0,Tuesday,37.5,0.0,1.99,39.49,34.0,1.99,0.0503925044315016,False,False,0,evenning shift,2025-08-05 15:00:00,2025-08-05 23:00:00,8.0,1,-365.0,0.0,Little Sichuan,0.4,0.2,0.2,0.2,0.0,0.2,14.2
-2443582819605497236,1,4,49.0,2025-08-01 15:34:00,2025-08-01 15:48:00,2025-08-01,15.0,Friday,9.9,0.99,0.99,11.88,14.0,1.98,0.1666666666666666,False,False,0,,,,,1,,,ChiyaD2,0.0,0.0,0.0,0.0,0.0,0.0,10.9
2234744525122573605,1,18,50.0,2025-07-31 15:05:00,2025-07-31 17:36:00,2025-07-31,15.0,Thursday,26.98,0.0,1.62,28.6,151.0,1.62,0.0566433566433566,False,False,0,,,,,1,,,Camile Thai,0.0,0.0,0.0,0.0,0.0,0.0,12.4
-7348065990124876210,1,4,51.0,2025-07-20 00:41:00,2025-07-20 01:02:00,2025-07-20,0.0,Sunday,9.9,0.99,0.99,11.88,21.0,1.98,0.1666666666666666,False,False,1,day off,,,0.0,0,,,ChiyaD2,0.0,0.0,0.0,0.0,0.0,0.0,10.9
-8091519684732019358,1,4,52.0,2025-07-12 15:59:00,2025-07-12 16:15:00,2025-07-12,15.0,Saturday,9.9,0.99,0.99,11.88,16.0,1.98,0.1666666666666666,False,False,1,,,,,1,,,ChiyaD2,0.0,0.0,0.0,0.0,0.0,0.0,10.9
419590697836406774,1,3,53.0,2025-07-08 19:39:00,,2025-07-08,19.0,Tuesday,14.0,0.0,0.99,14.99,,0.99,0.0660440293529019,True,False,0,evenning shift,2025-07-08 15:00:00,2025-07-08 23:00:00,8.0,1,-201.0,0.0,Xian Street Food,0.0,0.1666666666666666,0.3333333333333333,0.5,0.0,0.0,13.833333333333334
9005650753982077437,1,4,54.0,2025-07-03 14:34:00,2025-07-03 14:46:00,2025-07-03,14.0,Thursday,9.9,0.99,0.99,11.88,12.0,1.98,0.1666666666666666,False,False,0,day off,,,0.0,0,,,ChiyaD2,0.0,0.0,0.0,0.0,0.0,0.0,10.9
3917771045792736609,1,19,55.0,2025-06-30 18:37:00,2025-06-30 19:07:00,2025-06-30,18.0,Monday,18.5,0.0,1.11,19.61,30.0,1.11,0.0566037735849056,False,False,0,evenning shift,2025-06-30 15:00:00,2025-06-30 23:00:00,8.0,1,-263.0,0.0,Da Mimmo Pizza,0.0,0.0,0.0,0.0,0.0,0.0,13.0
1752903004719303830,1,4,56.0,2025-06-27 15:13:00,2025-06-27 15:28:00,2025-06-27,15.0,Friday,9.9,0.99,0.99,11.88,15.0,1.98,0.1666666666666666,False,False,0,,,,,1,,,ChiyaD2,0.0,0.0,0.0,0.0,0.0,0.0,10.9
-6022449960358899432,1,1,57.0,2025-06-21 23:59:00,,2025-06-21,23.0,Saturday,13.0,0.0,0.99,13.99,,0.99,0.0707648320228734,True,False,1,night shift,2025-06-21 23:00:00,2025-06-22 07:00:00,8.0,1,-421.0,0.0,Charllies,0.0,0.0,0.1666666666666666,0.1666666666666666,0.0,0.0,12.75
5331019412444961475,1,1,58.0,2025-06-20 22:29:00,2025-06-20 22:53:00,2025-06-20,22.0,Friday,14.0,0.0,0.99,14.99,24.0,0.99,0.0660440293529019,False,False,0,,,,,1,,,Charllies,0.0,0.0,0.1666666666666666,0.1666666666666666,0.0,0.0,12.75
-442017733604432456,1,4,58.0,2025-06-20 17:28:00,2025-06-20 17:53:00,2025-06-20,17.0,Friday,9.9,0.99,0.99,11.88,25.0,1.98,0.1666666666666666,False,False,0,,,,,1,,,ChiyaD2,0.0,0.0,0.0,0.0,0.0,0.0,10.9
-8936624661660337818,1,1,59.0,2025-06-13 17:06:00,2025-06-13 18:08:00,2025-06-13,17.0,Friday,13.0,0.0,0.99,13.99,62.0,0.99,0.0707648320228734,False,False,0,day off,,,0.0,0,,,Charllies,0.0,0.0,0.1666666666666666,0.1666666666666666,0.0,0.0,12.75
423388401547258475,1,20,60.0,2025-06-10 16:58:00,2025-06-10 19:58:00,2025-06-10,16.0,Tuesday,24.99,0.0,1.5,26.49,180.0,1.5,0.0566251415628539,False,False,0,evenning shift,2025-06-10 15:00:00,2025-06-10 23:00:00,8.0,1,-362.0,0.0,Perfect Pizza Dunlin,,,,,,,
-1588231476476451270,1,21,61.0,2025-06-06 22:13:00,,2025-06-06,22.0,Friday,28.8,0.0,1.73,30.53,,1.73,0.0566655748444153,True,False,0,evenning shift,2025-06-06 15:00:00,2025-06-06 23:00:00,8.0,1,-47.0,0.0,Tatami,0.0,0.0,0.0,0.2,0.2,0.0,7.8
-8432593829374540317,1,3,62.0,2025-06-05 20:01:00,2025-06-05 20:40:00,2025-06-05,20.0,Thursday,22.5,0.0,1.35,23.85,39.0,1.35,0.0566037735849056,False,False,0,evenning shift,2025-06-05 15:00:00,2025-06-05 23:00:00,8.0,1,-179.0,0.0,Xian Street Food,0.0,0.1666666666666666,0.3333333333333333,0.5,0.0,0.0,13.833333333333334
6458932880403429640,1,4,63.0,2025-06-02 19:28:00,2025-06-02 19:49:00,2025-06-02,19.0,Monday,9.9,0.99,0.99,11.88,21.0,1.98,0.1666666666666666,False,False,0,day off,,,0.0,0,,,ChiyaD2,0.0,0.0,0.0,0.0,0.0,0.0,10.9
3959525519241700962,1,17,64.0,2025-05-29 20:22:00,2025-05-29 21:42:00,2025-05-29,20.0,Thursday,37.3,0.0,1.99,39.29,80.0,1.99,0.0506490201068974,False,False,0,day off,,,0.0,0,,,Sichuan Chili King,0.2,0.0,0.2,0.4,0.0,0.2,14.2
4091127710584979979,1,3,65.0,2025-05-27 19:00:00,2025-05-27 19:42:00,2025-05-27,19.0,Tuesday,14.0,0.0,0.99,14.99,42.0,0.99,0.0660440293529019,False,False,0,evenning shift,2025-05-27 15:00:00,2025-05-27 23:00:00,8.0,1,-240.0,0.0,Xian Street Food,0.0,0.1666666666666666,0.3333333333333333,0.5,0.0,0.0,13.833333333333334
2046908044953971599,1,4,66.0,2025-05-25 15:22:00,2025-05-25 15:46:00,2025-05-25,15.0,Sunday,9.9,0.99,0.99,11.88,24.0,1.98,0.1666666666666666,False,False,1,,,,,1,,,ChiyaD2,0.0,0.0,0.0,0.0,0.0,0.0,10.9
3167960023810047122,1,4,67.0,2025-05-23 15:13:00,2025-05-23 15:42:00,2025-05-23,15.0,Friday,19.8,0.0,1.19,20.99,29.0,1.19,0.0566936636493568,False,False,0,day off,,,0.0,0,,,ChiyaD2,0.0,0.0,0.0,0.0,0.0,0.0,10.9
4860147650657847283,1,21,68.0,2025-05-22 15:57:00,2025-05-22 18:12:00,2025-05-22,15.0,Thursday,94.4,0.0,1.99,93.39,135.0,1.99,0.0213084912731555,False,False,0,evenning shift,2025-05-22 15:00:00,2025-05-22 23:00:00,8.0,1,-423.0,0.0,Tatami,0.0,0.0,0.0,0.2,0.2,0.0,7.8
-778326869056401199,1,2,69.0,2025-05-18 16:37:00,2025-05-18 16:56:00,2025-05-18,16.0,Sunday,34.0,0.0,1.99,35.99,19.0,1.99,0.0552931369824951,False,False,1,evenning shift,2025-05-18 15:00:00,2025-05-18 23:00:00,8.0,1,-383.0,0.0,YGF Malatang,0.0,0.2,0.2,0.4,0.4,0.0,11.66
606798104199982545,1,3,70.0,2025-05-14 13:11:00,2025-05-14 14:18:00,2025-05-14,13.0,Wednesday,24.95,0.0,1.5,26.45,67.0,1.5,0.0567107750472589,False,False,0,day off,,,0.0,0,,,Xian Street Food,0.0,0.1666666666666666,0.3333333333333333,0.5,0.0,0.0,13.833333333333334
1955167772131719826,1,3,71.0,2025-05-11 18:15:00,2025-05-11 19:15:00,2025-05-11,18.0,Sunday,24.95,0.0,1.5,26.45,60.0,1.5,0.0567107750472589,False,False,1,evenning shift,2025-05-11 15:00:00,2025-05-11 23:00:00,8.0,1,-285.0,0.0,Xian Street Food,0.0,0.1666666666666666,0.3333333333333333,0.5,0.0,0.0,13.833333333333334
-8654598972715834628,1,4,72.0,2025-05-09 12:29:00,,2025-05-09,12.0,Friday,27.2,0.0,1.63,28.83,,1.63,0.0565383281304197,True,False,0,day off,,,0.0,0,,,ChiyaD2,0.0,0.0,0.0,0.0,0.0,0.0,10.9
-3923655868405036905,1,17,73.0,2025-05-06 17:25:00,2025-05-06 19:01:00,2025-05-06,17.0,Tuesday,73.5,0.0,1.99,75.49,96.0,1.99,0.0263611074314478,False,False,0,evenning shift,2025-05-06 15:00:00,2025-05-06 23:00:00,8.0,1,-335.0,0.0,Sichuan Chili King,0.2,0.0,0.2,0.4,0.0,0.2,14.2
6304170524997964027,1,22,74.0,2025-05-05 17:58:00,2025-05-05 18:19:00,2025-05-05,17.0,Monday,29.8,0.0,1.79,31.59,21.0,1.79,0.0566635011079455,False,False,0,evenning shift,2025-05-05 15:00:00,2025-05-05 23:00:00,8.0,1,-302.0,0.0,Reyna,0.0,0.0,0.0,0.0,0.0,0.0,9.2
-1514342722712298756,1,22,75.0,2025-04-29 18:05:00,2025-04-29 18:24:00,2025-04-29,18.0,Tuesday,13.9,0.0,0.99,14.89,19.0,0.99,0.0664875755540631,False,False,0,evenning shift,2025-04-29 15:00:00,2025-04-29 23:00:00,8.0,1,-295.0,0.0,Reyna,0.0,0.0,0.0,0.0,0.0,0.0,9.2
7217860589133472290,1,17,76.0,2025-04-28 19:32:00,2025-04-28 20:15:00,2025-04-28,19.0,Monday,28.8,0.0,1.73,30.53,43.0,1.73,0.0566655748444153,False,False,0,evenning shift,2025-04-28 15:00:00,2025-04-28 23:00:00,8.0,1,-208.0,0.0,Sichuan Chili King,0.2,0.0,0.2,0.4,0.0,0.2,14.2
-6116118464170205087,1,23,77.0,2025-04-26 17:56:00,2025-04-26 18:21:00,2025-04-26,17.0,Saturday,18.99,0.0,1.14,20.13,25.0,1.14,0.0566318926974664,False,False,1,evenning shift,2025-04-26 15:00:00,2025-04-26 23:00:00,8.0,1,-304.0,0.0,Zakura,0.0,0.2,0.0,0.2,0.2,0.0,10.6
6970921331374004365,1,24,78.0,2025-04-25 17:44:00,2025-04-25 18:02:00,2025-04-25,17.0,Friday,16.9,0.0,1.01,17.91,18.0,1.01,0.056393076493579,False,False,0,evenning shift,2025-04-25 15:00:00,2025-04-25 23:00:00,8.0,1,-316.0,0.0,Eatokyo,0.0,0.0,0.0,0.0,0.0,0.0,11.4
4566216298886530914,1,17,79.0,2025-04-22 16:41:00,2025-04-22 17:17:00,2025-04-22,16.0,Tuesday,53.7,0.0,1.99,55.69,36.0,1.99,0.035733524869815,False,False,0,evenning shift,2025-04-22 15:00:00,2025-04-22 23:00:00,8.0,1,-379.0,0.0,Sichuan Chili King,0.2,0.0,0.2,0.4,0.0,0.2,14.2
-7098682375017450525,1,3,80.0,2025-04-16 18:32:00,2025-04-16 19:20:00,2025-04-16,18.0,Wednesday,24.0,0.0,1.44,25.44,48.0,1.44,0.0566037735849056,False,False,0,evenning shift,2025-04-16 15:00:00,2025-04-16 23:00:00,8.0,1,-268.0,0.0,Xian Street Food,0.0,0.1666666666666666,0.3333333333333333,0.5,0.0,0.0,13.833333333333334
-9162810953941392220,1,1,81.0,2025-04-06 16:31:00,2025-04-06 16:44:00,2025-04-06,16.0,Sunday,15.0,0.0,0.99,15.99,13.0,0.99,0.0619136960600375,False,False,1,evenning shift,2025-04-06 15:00:00,2025-04-06 23:00:00,8.0,1,-389.0,0.0,Charllies,0.0,0.0,0.1666666666666666,0.1666666666666666,0.0,0.0,12.75
3176129244585769913,1,3,82.0,2025-04-05 01:40:00,2025-04-05 02:33:00,2025-04-05,1.0,Saturday,35.0,0.0,1.99,36.99,53.0,1.99,0.0537983238713165,False,False,1,,,,,1,,,Xian Street Food,0.0,0.1666666666666666,0.3333333333333333,0.5,0.0,0.0,13.833333333333334
1124609544988109809,1,3,83.0,2025-03-31 20:04:00,2025-03-31 20:42:00,2025-03-31,20.0,Monday,16.0,0.0,0.99,16.9,38.0,0.99,0.0585798816568047,False,False,0,evenning shift,2025-03-31 15:00:00,2025-03-31 23:00:00,8.0,1,-176.0,0.0,Xian Street Food,0.0,0.1666666666666666,0.3333333333333333,0.5,0.0,0.0,13.833333333333334
797052969562719009,1,25,84.0,2025-03-25 00:42:00,2025-03-25 03:08:00,2025-03-25,0.0,Tuesday,25.4,0.0,1.52,26.92,146.0,1.52,0.0564635958395245,False,False,0,,,,,1,,,Wakami Sushi,0.0,0.0,0.0,0.2,0.2,0.0,10.2
1921073084109562857,1,22,85.0,2025-03-21 20:29:00,2025-03-21 20:55:00,2025-03-21,20.0,Friday,28.8,0.0,1.73,30.53,26.0,1.73,0.0566655748444153,False,False,0,,,,,1,,,Reyna,0.0,0.0,0.0,0.0,0.0,0.0,9.2
636116452555662211,1,3,86.0,2025-03-18 15:39:00,2025-03-18 16:16:00,2025-03-18,15.0,Tuesday,39.8,0.0,1.49,41.29,37.0,1.49,0.0360862194235892,False,False,0,evenning shift,2025-03-18 15:00:00,2025-03-18 23:00:00,8.0,1,-441.0,0.0,Xian Street Food,0.0,0.1666666666666666,0.3333333333333333,0.5,0.0,0.0,13.833333333333334
-8845634255177654626,1,26,86.0,2025-03-18 03:20:00,2025-03-18 03:48:00,2025-03-18,3.0,Tuesday,24.0,0.0,1.1,23.1,28.0,1.1,0.0476190476190476,False,False,0,,,,,1,,,Rico's,0.0,0.0,0.0,0.0,0.0,0.0,9.6
-2140757991484626371,1,21,87.0,2025-03-02 17:39:00,2025-03-02 19:55:00,2025-03-02,17.0,Sunday,50.2,0.0,1.49,51.69,136.0,1.49,0.0288256916231379,False,False,1,evenning shift,2025-03-02 15:00:00,2025-03-02 23:00:00,8.0,1,-321.0,0.0,Tatami,0.0,0.0,0.0,0.2,0.2,0.0,7.8
5898258408793565385,1,22,88.0,2025-02-28 15:21:00,2025-02-28 15:37:00,2025-02-28,15.0,Friday,29.8,0.0,1.49,31.29,16.0,1.49,0.0476190476190476,False,False,0,evenning shift,2025-02-28 15:00:00,2025-02-28 23:00:00,8.0,1,-459.0,0.0,Reyna,0.0,0.0,0.0,0.0,0.0,0.0,9.2
-8405248048510348891,1,27,89.0,2025-02-25 01:58:00,2025-02-25 02:20:00,2025-02-25,1.0,Tuesday,21.99,0.0,,23.09,22.0,0.0,0.0,False,False,0,,,,,1,,,Boston Pizza,0.0,0.0,0.0,0.0,0.0,0.0,12.0
9054133740608641091,1,22,90.0,2025-02-12 15:30:00,2025-02-12 15:47:00,2025-02-12,15.0,Wednesday,29.8,0.99,,33.78,17.0,0.99,0.0293072824156305,False,False,0,evenning shift,2025-02-12 15:00:00,2025-02-12 23:00:00,8.0,1,-450.0,0.0,Reyna,0.0,0.0,0.0,0.0,0.0,0.0,9.2
-4643835630883920855,2,28,91.0,2026-01-16 19:01:00,2026-01-16 19:29:00,2026-01-16,19.0,Friday,19.39,0.0,1.75,18.32,28.0,1.75,0.0955240174672489,False,False,0,evenning shift,2026-01-16 15:00:00,2026-01-16 23:00:00,8.0,1,-239.0,0.0,hunan spicy,,,,,,,
3369896318533186241,2,29,92.0,2026-01-10 19:58:00,2026-01-10 20:29:00,2026-01-10,19.0,Saturday,27.99,0.0,1.4,24.39,31.0,1.4,0.05740057400574,False,False,1,evenning shift,2026-01-10 15:00:00,2026-01-10 23:00:00,8.0,1,-182.0,0.0,hei gaga,0.0,1.0,0.0,0.0,0.0,0.0,8.0
-9190608234340640563,2,30,93.0,2025-12-30 17:52:00,2025-12-30 18:21:00,2025-12-30,17.0,Tuesday,14.3,0.0,0.99,12.43,29.0,0.99,0.079646017699115,False,False,0,evenning shift,2025-12-30 15:00:00,2025-12-30 23:00:00,8.0,1,-308.0,0.0,biang biang,0.0,1.0,0.0,0.0,0.0,0.0,13.75
8073507554355133227,2,31,94.0,2025-12-28 17:22:00,2025-12-28 18:10:00,2025-12-28,17.0,Sunday,14.88,0.0,0.74,15.54,48.0,0.74,0.0476190476190476,False,False,1,evenning shift,2025-12-28 15:00:00,2025-12-28 23:00:00,8.0,1,-338.0,0.0,chuanjiu xiang,0.0,0.0,0.0,0.0,0.0,0.0,25.85
-6736487584308515509,2,30,95.0,2025-12-23 19:10:00,2025-12-23 19:31:00,2025-12-23,19.0,Tuesday,20.35,0.0,1.02,21.37,21.0,1.02,0.0477304632662611,False,False,0,evenning shift,2025-12-23 15:00:00,2025-12-23 23:00:00,8.0,1,-230.0,0.0,biang biang,0.0,1.0,0.0,0.0,0.0,0.0,13.75
-3232499183234767857,2,31,95.0,2025-12-23 19:07:00,2025-12-23 19:37:00,2025-12-23,19.0,Tuesday,14.88,0.0,0.74,15.62,30.0,0.74,0.0473751600512163,False,False,0,evenning shift,2025-12-23 15:00:00,2025-12-23 23:00:00,8.0,1,-233.0,0.0,chuanjiu xiang,0.0,0.0,0.0,0.0,0.0,0.0,25.85
-3735848805160815674,2,31,96.0,2025-12-22 18:02:00,2025-12-22 18:03:00,2025-12-22,18.0,Monday,14.88,0.0,0.74,15.62,1.0,0.74,0.0473751600512163,False,False,0,evenning shift,2025-12-22 15:00:00,2025-12-22 23:00:00,8.0,1,-298.0,0.0,chuanjiu xiang,0.0,0.0,0.0,0.0,0.0,0.0,25.85
7169945298403418544,2,32,97.0,2025-12-18 17:49:00,2025-12-18 18:10:00,2025-12-18,17.0,Thursday,31.88,0.2,0.0,25.08,21.0,0.2,0.0079744816586921,False,False,0,evenning shift,2025-12-18 15:00:00,2025-12-18 23:00:00,8.0,1,-311.0,0.0,bwx,0.0,0.0,1.0,0.0,0.0,0.0,16.49
-6911795053034883783,2,12,98.0,2025-12-14 18:33:00,2025-12-14 18:58:00,2025-12-14,18.0,Sunday,41.11,0.0,0.99,35.1,25.0,0.99,0.0282051282051282,False,False,1,evenning shift,2025-12-14 15:00:00,2025-12-14 23:00:00,8.0,1,-267.0,0.0,Little Sichuan,0.4,0.2,0.2,0.2,0.0,0.2,14.2
-6233604555615865888,2,12,99.0,2025-12-11 18:45:00,2025-12-11 19:34:00,2025-12-11,18.0,Thursday,37.19,0.0,0.0,31.68,49.0,0.0,0.0,False,False,0,day off,,,0.0,0,,,Little Sichuan,0.4,0.2,0.2,0.2,0.0,0.2,14.2
9137085263482245567,2,12,99.0,2025-12-11 18:34:00,2025-12-11 19:26:00,2025-12-11,18.0,Thursday,50.05,0.0,0.99,44.04,52.0,0.99,0.0224795640326975,False,False,0,day off,,,0.0,0,,,Little Sichuan,0.4,0.2,0.2,0.2,0.0,0.2,14.2
2404515320896645671,2,32,100.0,2025-12-09 17:24:00,2025-12-09 18:11:00,2025-12-09,17.0,Tuesday,23.74,0.0,0.0,23.94,47.0,0.0,0.0,False,False,0,evenning shift,2025-12-09 15:00:00,2025-12-09 23:00:00,8.0,1,-336.0,0.0,bwx,0.0,0.0,1.0,0.0,0.0,0.0,16.49
-7109286186146054180,2,32,101.0,2025-12-05 17:10:00,2025-12-05 17:55:00,2025-12-05,17.0,Friday,23.74,0.0,0.0,23.94,45.0,0.0,0.0,False,False,0,day off,,,0.0,0,,,bwx,0.0,0.0,1.0,0.0,0.0,0.0,16.49
-7600789175331617250,2,31,102.0,2025-12-04 17:54:00,2025-12-04 18:39:00,2025-12-04,17.0,Thursday,14.88,0.0,0.74,14.13,45.0,0.74,0.0523708421797593,False,False,0,evenning shift,2025-12-04 15:00:00,2025-12-04 23:00:00,8.0,1,-306.0,0.0,chuanjiu xiang,0.0,0.0,0.0,0.0,0.0,0.0,25.85
-4840014208022516930,2,29,103.0,2025-11-30 16:40:00,2025-11-30 17:50:00,2025-11-30,16.0,Sunday,30.98,0.0,0.0,28.52,70.0,0.0,0.0,False,False,1,day off,,,0.0,0,,,hei gaga,0.0,1.0,0.0,0.0,0.0,0.0,8.0
1660418186783732072,2,31,104.0,2025-11-26 20:11:00,2025-11-26 20:41:00,2025-11-26,20.0,Wednesday,14.88,0.0,0.74,15.62,30.0,0.74,0.0473751600512163,False,False,0,evenning shift,2025-11-26 15:00:00,2025-11-26 23:00:00,8.0,1,-169.0,0.0,chuanjiu xiang,0.0,0.0,0.0,0.0,0.0,0.0,25.85
-2039469042965824019,2,33,104.0,2025-11-26 20:09:00,2025-11-26 20:51:00,2025-11-26,20.0,Wednesday,16.39,0.0,0.82,17.21,42.0,0.82,0.0476467170249854,False,False,0,evenning shift,2025-11-26 15:00:00,2025-11-26 23:00:00,8.0,1,-171.0,0.0,ywm,0.0,1.0,0.0,0.0,0.0,0.0,16.39
2686160574810213658,2,12,105.0,2025-11-25 16:48:00,2025-11-25 17:23:00,2025-11-25,16.0,Tuesday,41.11,0.0,0.99,35.1,35.0,0.99,0.0282051282051282,False,False,0,evenning shift,2025-11-25 15:00:00,2025-11-25 23:00:00,8.0,1,-372.0,0.0,Little Sichuan,0.4,0.2,0.2,0.2,0.0,0.2,14.2
-7292147420656319881,2,12,4.0,2025-11-23 17:57:00,2025-11-23 18:50:00,2025-11-23,17.0,Sunday,27.17,0.0,0.99,23.16,53.0,0.99,0.0427461139896373,False,False,1,evenning shift,2025-11-23 15:00:00,2025-11-23 23:00:00,8.0,1,-303.0,0.0,Little Sichuan,0.4,0.2,0.2,0.2,0.0,0.2,14.2
7827400160456276150,2,12,5.0,2025-11-20 20:16:00,2025-11-20 21:14:00,2025-11-20,20.0,Thursday,18.23,0.0,0.91,17.32,58.0,0.91,0.0525404157043879,False,False,0,,,,,1,,,Little Sichuan,0.4,0.2,0.2,0.2,0.0,0.2,14.2
-3898988599191640578,2,9,6.0,2025-11-19 20:09:00,2025-11-19 20:30:00,2025-11-19,20.0,Wednesday,25.85,0.0,0.99,22.84,21.0,0.99,0.0433450087565674,False,False,0,evenning shift,2025-11-19 15:00:00,2025-11-19 23:00:00,8.0,1,-171.0,0.0,Taste Of HK,0.0,0.0,0.4,0.0,0.2,0.0,12.2
9137231295264536489,2,30,7.0,2025-11-18 19:51:00,2025-11-18 20:37:00,2025-11-18,19.0,Tuesday,26.4,0.0,1.32,22.72,46.0,1.32,0.0580985915492957,False,False,0,evenning shift,2025-11-18 15:00:00,2025-11-18 23:00:00,8.0,1,-189.0,0.0,biang biang,0.0,1.0,0.0,0.0,0.0,0.0,13.75
2464650920832897880,2,30,106.0,2025-11-08 14:16:00,2025-11-08 14:45:00,2025-11-08,14.0,Saturday,27.28,0.0,0.0,28.64,29.0,0.0,0.0,False,False,1,,,,,1,,,biang biang,0.0,1.0,0.0,0.0,0.0,0.0,13.75
161993074555444386,2,30,107.0,2025-11-06 18:59:00,2025-11-06 19:44:00,2025-11-06,18.0,Thursday,36.08,0.0,1.8,30.88,45.0,1.8,0.0582901554404145,False,False,0,evenning shift,2025-11-06 15:00:00,2025-11-06 23:00:00,8.0,1,-241.0,0.0,biang biang,0.0,1.0,0.0,0.0,0.0,0.0,13.75
-8757766766547002917,2,33,108.0,2025-10-29 18:29:00,2025-10-29 18:55:00,2025-10-29,18.0,Wednesday,35.67,0.0,0.99,31.66,26.0,0.99,0.0312697409981048,False,False,0,evenning shift,2025-10-29 15:00:00,2025-10-29 23:00:00,8.0,1,-271.0,0.0,ywm,0.0,1.0,0.0,0.0,0.0,0.0,16.39
4188480180130092886,2,12,109.0,2026-10-25 19:14:00,,2026-10-25,19.0,Sunday,23.16,0.0,0.99,23.16,,0.99,0.0427461139896373,True,False,1,,,,,1,,,Little Sichuan,0.4,0.2,0.2,0.2,0.0,0.2,14.2
298861992928853413,2,29,110.0,2025-10-20 17:49:00,2025-10-20 18:11:00,2025-10-20,17.0,Monday,16.0,0.0,0.8,16.8,22.0,0.8,0.0476190476190476,False,False,0,evenning shift,2025-10-20 15:00:00,2025-10-20 23:00:00,8.0,1,-311.0,0.0,hei gaga,0.0,1.0,0.0,0.0,0.0,0.0,8.0
-2552218242461609107,2,12,111.0,2025-10-16 15:50:00,2025-10-16 17:03:00,2025-10-16,15.0,Thursday,51.48,0.0,0.99,45.47,73.0,0.99,0.0217725973169122,False,False,0,evenning shift,2025-10-16 15:00:00,2025-10-16 23:00:00,8.0,1,-430.0,0.0,Little Sichuan,0.4,0.2,0.2,0.2,0.0,0.2,14.2
-1382268790823065028,2,12,18.0,2025-10-15 18:26:00,2025-10-15 19:07:00,2025-10-15,18.0,Wednesday,27.17,0.0,0.99,23.16,41.0,0.99,0.0427461139896373,False,False,0,evenning shift,2025-10-15 15:00:00,2025-10-15 23:00:00,8.0,1,-274.0,0.0,Little Sichuan,0.4,0.2,0.2,0.2,0.0,0.2,14.2
-3032468534985908457,2,31,112.0,2025-10-08 16:38:00,2025-10-08 16:59:00,2025-10-08,16.0,Wednesday,39.08,0.0,0.99,33.07,21.0,0.99,0.0299364983368612,False,False,0,evenning shift,2025-10-08 15:00:00,2025-10-08 23:00:00,8.0,1,-382.0,0.0,chuanjiu xiang,0.0,0.0,0.0,0.0,0.0,0.0,25.85
